Workbook

Sheet Dashboard
B2: Facilities Dashboard
B3: ="This year: "&Summary!E4&" · Updates on its own from the Change Log" -> This year: 2026 · Updates on its own from the Change Log
P4: Month | Q4: Spent | R4: Completed | S4: Reported
B5: =Summary!B20 -> 1 | E5: =Summary!D20 -> 0 | H5: =Summary!F20 -> 0 | K5: =Summary!C20 -> 0 | P5: Jan | Q5: =SUMIFS('Change Log'!$M:$M,'Change Log'!$B:$B,Summary!$E$4&"-01",'Change Log'!$C:$C,"Completed") -> 0 | R5: =COUNTIFS('Change Log'!$B:$B,Summary!$E$4&"-01",'Change Log'!$C:$C,"Completed") -> 0 | S5: =COUNTIFS('Change Log'!$B:$B,Summary!$E$4&"-01",'Change Log'!$C:$C,"Reported") -> 0
B6: WORK ORDERS REPORTED | E6: COMPLETED | H6: SPENT THIS YEAR | K6: CRITICAL REPORTED | P6: Feb | Q6: =SUMIFS('Change Log'!$M:$M,'Change Log'!$B:$B,Summary!$E$4&"-02",'Change Log'!$C:$C,"Completed") -> 0 | R6: =COUNTIFS('Change Log'!$B:$B,Summary!$E$4&"-02",'Change Log'!$C:$C,"Completed") -> 0 | S6: =COUNTIFS('Change Log'!$B:$B,Summary!$E$4&"-02",'Change Log'!$C:$C,"Reported") -> 0
P7: Mar | Q7: =SUMIFS('Change Log'!$M:$M,'Change Log'!$B:$B,Summary!$E$4&"-03",'Change Log'!$C:$C,"Completed") -> 0 | R7: =COUNTIFS('Change Log'!$B:$B,Summary!$E$4&"-03",'Change Log'!$C:$C,"Completed") -> 0 | S7: =COUNTIFS('Change Log'!$B:$B,Summary!$E$4&"-03",'Change Log'!$C:$C,"Reported") -> 0
B8: ="NCEMS share "&TEXT(Summary!G20,"$#,##0")&" · FD13 share "&TEXT(Summary!H20,"$#,##0")&" · split from the Assumptions tab" -> NCEMS share $0 · FD13 share $0 · split from the Assumptions tab | P8: Apr | Q8: =SUMIFS('Change Log'!$M:$M,'Change Log'!$B:$B,Summary!$E$4&"-04",'Change Log'!$C:$C,"Completed") -> 0 | R8: =COUNTIFS('Change Log'!$B:$B,Summary!$E$4&"-04",'Change Log'!$C:$C,"Completed") -> 0 | S8: =COUNTIFS('Change Log'!$B:$B,Summary!$E$4&"-04",'Change Log'!$C:$C,"Reported") -> 0
P9: May | Q9: =SUMIFS('Change Log'!$M:$M,'Change Log'!$B:$B,Summary!$E$4&"-05",'Change Log'!$C:$C,"Completed") -> 0 | R9: =COUNTIFS('Change Log'!$B:$B,Summary!$E$4&"-05",'Change Log'!$C:$C,"Completed") -> 0 | S9: =COUNTIFS('Change Log'!$B:$B,Summary!$E$4&"-05",'Change Log'!$C:$C,"Reported") -> 0
P10: Jun | Q10: =SUMIFS('Change Log'!$M:$M,'Change Log'!$B:$B,Summary!$E$4&"-06",'Change Log'!$C:$C,"Completed") -> 0 | R10: =COUNTIFS('Change Log'!$B:$B,Summary!$E$4&"-06",'Change Log'!$C:$C,"Completed") -> 0 | S10: =COUNTIFS('Change Log'!$B:$B,Summary!$E$4&"-06",'Change Log'!$C:$C,"Reported") -> 0
P11: Jul | Q11: =SUMIFS('Change Log'!$M:$M,'Change Log'!$B:$B,Summary!$E$4&"-07",'Change Log'!$C:$C,"Completed") -> 0 | R11: =COUNTIFS('Change Log'!$B:$B,Summary!$E$4&"-07",'Change Log'!$C:$C,"Completed") -> 0 | S11: =COUNTIFS('Change Log'!$B:$B,Summary!$E$4&"-07",'Change Log'!$C:$C,"Reported") -> 0
P12: Aug | Q12: =SUMIFS('Change Log'!$M:$M,'Change Log'!$B:$B,Summary!$E$4&"-08",'Change Log'!$C:$C,"Completed") -> 0 | R12: =COUNTIFS('Change Log'!$B:$B,Summary!$E$4&"-08",'Change Log'!$C:$C,"Completed") -> 0 | S12: =COUNTIFS('Change Log'!$B:$B,Summary!$E$4&"-08",'Change Log'!$C:$C,"Reported") -> 0
P13: Sep | Q13: =SUMIFS('Change Log'!$M:$M,'Change Log'!$B:$B,Summary!$E$4&"-09",'Change Log'!$C:$C,"Completed") -> 0 | R13: =COUNTIFS('Change Log'!$B:$B,Summary!$E$4&"-09",'Change Log'!$C:$C,"Completed") -> 0 | S13: =COUNTIFS('Change Log'!$B:$B,Summary!$E$4&"-09",'Change Log'!$C:$C,"Reported") -> 0
P14: Oct | Q14: =SUMIFS('Change Log'!$M:$M,'Change Log'!$B:$B,Summary!$E$4&"-10",'Change Log'!$C:$C,"Completed") -> 0 | R14: =COUNTIFS('Change Log'!$B:$B,Summary!$E$4&"-10",'Change Log'!$C:$C,"Completed") -> 0 | S14: =COUNTIFS('Change Log'!$B:$B,Summary!$E$4&"-10",'Change Log'!$C:$C,"Reported") -> 1
P15: Nov | Q15: =SUMIFS('Change Log'!$M:$M,'Change Log'!$B:$B,Summary!$E$4&"-11",'Change Log'!$C:$C,"Completed") -> 0 | R15: =COUNTIFS('Change Log'!$B:$B,Summary!$E$4&"-11",'Change Log'!$C:$C,"Completed") -> 0 | S15: =COUNTIFS('Change Log'!$B:$B,Summary!$E$4&"-11",'Change Log'!$C:$C,"Reported") -> 0
P16: Dec | Q16: =SUMIFS('Change Log'!$M:$M,'Change Log'!$B:$B,Summary!$E$4&"-12",'Change Log'!$C:$C,"Completed") -> 0 | R16: =COUNTIFS('Change Log'!$B:$B,Summary!$E$4&"-12",'Change Log'!$C:$C,"Completed") -> 0 | S16: =COUNTIFS('Change Log'!$B:$B,Summary!$E$4&"-12",'Change Log'!$C:$C,"Reported") -> 0
P18: Chart data. Leave as is.
B42: Full live dashboard (services, budget, replacements, grounds): open the app on a computer

Sheet Summary
A1: Facilities: Work Order Summary
A2: Counts come from the Change Log tab, which fills in on its own every time a work order changes in the app. Nothing on this tab needs typing.
A4: This month: | B4: =TEXT(TODAY(),"yyyy-mm") -> 2026-10 | D4: This year: | E4: =TEXT(TODAY(),"yyyy") -> 2026
A6: This month
A7: Station | B7: Reported | C7: Critical reported | D7: Completed | E7: Cancelled | F7: Spent | G7: NCEMS share | H7: FD13 share
A8: Station 51 | B8: =COUNTIFS('Change Log'!$D:$D,$A8,'Change Log'!$B:$B,$B$4,'Change Log'!$C:$C,"Reported") -> 1 | C8: =COUNTIFS('Change Log'!$D:$D,$A8,'Change Log'!$B:$B,$B$4,'Change Log'!$C:$C,"Reported",'Change Log'!$F:$F,"Critical") -> 0 | D8: =COUNTIFS('Change Log'!$D:$D,$A8,'Change Log'!$B:$B,$B$4,'Change Log'!$C:$C,"Completed") -> 0 | E8: =COUNTIFS('Change Log'!$D:$D,$A8,'Change Log'!$B:$B,$B$4,'Change Log'!$C:$C,"Cancelled") -> 1 | F8: =SUMIFS('Change Log'!$M:$M,'Change Log'!$D:$D,$A8,'Change Log'!$B:$B,$B$4,'Change Log'!$C:$C,"Completed") -> 0 | G8: =F8*Assumptions!$B$4 -> 0 | H8: =F8-G8 -> 0
A9: Station 51.5 | B9: =COUNTIFS('Change Log'!$D:$D,$A9,'Change Log'!$B:$B,$B$4,'Change Log'!$C:$C,"Reported") -> 0 | C9: =COUNTIFS('Change Log'!$D:$D,$A9,'Change Log'!$B:$B,$B$4,'Change Log'!$C:$C,"Reported",'Change Log'!$F:$F,"Critical") -> 0 | D9: =COUNTIFS('Change Log'!$D:$D,$A9,'Change Log'!$B:$B,$B$4,'Change Log'!$C:$C,"Completed") -> 0 | E9: =COUNTIFS('Change Log'!$D:$D,$A9,'Change Log'!$B:$B,$B$4,'Change Log'!$C:$C,"Cancelled") -> 0 | F9: =SUMIFS('Change Log'!$M:$M,'Change Log'!$D:$D,$A9,'Change Log'!$B:$B,$B$4,'Change Log'!$C:$C,"Completed") -> 0 | G9: =F9*Assumptions!$B$5 -> 0 | H9: =F9-G9 -> 0
A10: Station 52 | B10: =COUNTIFS('Change Log'!$D:$D,$A10,'Change Log'!$B:$B,$B$4,'Change Log'!$C:$C,"Reported") -> 0 | C10: =COUNTIFS('Change Log'!$D:$D,$A10,'Change Log'!$B:$B,$B$4,'Change Log'!$C:$C,"Reported",'Change Log'!$F:$F,"Critical") -> 0 | D10: =COUNTIFS('Change Log'!$D:$D,$A10,'Change Log'!$B:$B,$B$4,'Change Log'!$C:$C,"Completed") -> 0 | E10: =COUNTIFS('Change Log'!$D:$D,$A10,'Change Log'!$B:$B,$B$4,'Change Log'!$C:$C,"Cancelled") -> 0 | F10: =SUMIFS('Change Log'!$M:$M,'Change Log'!$D:$D,$A10,'Change Log'!$B:$B,$B$4,'Change Log'!$C:$C,"Completed") -> 0 | G10: =F10*Assumptions!$B$6 -> 0 | H10: =F10-G10 -> 0
A11: Station 50 | B11: =COUNTIFS('Change Log'!$D:$D,$A11,'Change Log'!$B:$B,$B$4,'Change Log'!$C:$C,"Reported") -> 0 | C11: =COUNTIFS('Change Log'!$D:$D,$A11,'Change Log'!$B:$B,$B$4,'Change Log'!$C:$C,"Reported",'Change Log'!$F:$F,"Critical") -> 0 | D11: =COUNTIFS('Change Log'!$D:$D,$A11,'Change Log'!$B:$B,$B$4,'Change Log'!$C:$C,"Completed") -> 0 | E11: =COUNTIFS('Change Log'!$D:$D,$A11,'Change Log'!$B:$B,$B$4,'Change Log'!$C:$C,"Cancelled") -> 0 | F11: =SUMIFS('Change Log'!$M:$M,'Change Log'!$D:$D,$A11,'Change Log'!$B:$B,$B$4,'Change Log'!$C:$C,"Completed") -> 0 | G11: =F11*Assumptions!$B$7 -> 0 | H11: =F11-G11 -> 0
A12: All stations | B12: =SUM(B8:B11) -> 1 | C12: =SUM(C8:C11) -> 0 | D12: =SUM(D8:D11) -> 0 | E12: =SUM(E8:E11) -> 1 | F12: =SUM(F8:F11) -> 0 | G12: =SUM(G8:G11) -> 0 | H12: =SUM(H8:H11) -> 0
A14: This year
A15: Station | B15: Reported | C15: Critical reported | D15: Completed | E15: Cancelled | F15: Spent | G15: NCEMS share | H15: FD13 share
A16: Station 51 | B16: =COUNTIFS('Change Log'!$D:$D,$A16,'Change Log'!$B:$B,$E$4&"*",'Change Log'!$C:$C,"Reported") -> 1 | C16: =COUNTIFS('Change Log'!$D:$D,$A16,'Change Log'!$B:$B,$E$4&"*",'Change Log'!$C:$C,"Reported",'Change Log'!$F:$F,"Critical") -> 0 | D16: =COUNTIFS('Change Log'!$D:$D,$A16,'Change Log'!$B:$B,$E$4&"*",'Change Log'!$C:$C,"Completed") -> 0 | E16: =COUNTIFS('Change Log'!$D:$D,$A16,'Change Log'!$B:$B,$E$4&"*",'Change Log'!$C:$C,"Cancelled") -> 1 | F16: =SUMIFS('Change Log'!$M:$M,'Change Log'!$D:$D,$A16,'Change Log'!$B:$B,$E$4&"*",'Change Log'!$C:$C,"Completed") -> 0 | G16: =F16*Assumptions!$B$4 -> 0 | H16: =F16-G16 -> 0
A17: Station 51.5 | B17: =COUNTIFS('Change Log'!$D:$D,$A17,'Change Log'!$B:$B,$E$4&"*",'Change Log'!$C:$C,"Reported") -> 0 | C17: =COUNTIFS('Change Log'!$D:$D,$A17,'Change Log'!$B:$B,$E$4&"*",'Change Log'!$C:$C,"Reported",'Change Log'!$F:$F,"Critical") -> 0 | D17: =COUNTIFS('Change Log'!$D:$D,$A17,'Change Log'!$B:$B,$E$4&"*",'Change Log'!$C:$C,"Completed") -> 0 | E17: =COUNTIFS('Change Log'!$D:$D,$A17,'Change Log'!$B:$B,$E$4&"*",'Change Log'!$C:$C,"Cancelled") -> 0 | F17: =SUMIFS('Change Log'!$M:$M,'Change Log'!$D:$D,$A17,'Change Log'!$B:$B,$E$4&"*",'Change Log'!$C:$C,"Completed") -> 0 | G17: =F17*Assumptions!$B$5 -> 0 | H17: =F17-G17 -> 0
A18: Station 52 | B18: =COUNTIFS('Change Log'!$D:$D,$A18,'Change Log'!$B:$B,$E$4&"*",'Change Log'!$C:$C,"Reported") -> 0 | C18: =COUNTIFS('Change Log'!$D:$D,$A18,'Change Log'!$B:$B,$E$4&"*",'Change Log'!$C:$C,"Reported",'Change Log'!$F:$F,"Critical") -> 0 | D18: =COUNTIFS('Change Log'!$D:$D,$A18,'Change Log'!$B:$B,$E$4&"*",'Change Log'!$C:$C,"Completed") -> 0 | E18: =COUNTIFS('Change Log'!$D:$D,$A18,'Change Log'!$B:$B,$E$4&"*",'Change Log'!$C:$C,"Cancelled") -> 0 | F18: =SUMIFS('Change Log'!$M:$M,'Change Log'!$D:$D,$A18,'Change Log'!$B:$B,$E$4&"*",'Change Log'!$C:$C,"Completed") -> 0 | G18: =F18*Assumptions!$B$6 -> 0 | H18: =F18-G18 -> 0
A19: Station 50 | B19: =COUNTIFS('Change Log'!$D:$D,$A19,'Change Log'!$B:$B,$E$4&"*",'Change Log'!$C:$C,"Reported") -> 0 | C19: =COUNTIFS('Change Log'!$D:$D,$A19,'Change Log'!$B:$B,$E$4&"*",'Change Log'!$C:$C,"Reported",'Change Log'!$F:$F,"Critical") -> 0 | D19: =COUNTIFS('Change Log'!$D:$D,$A19,'Change Log'!$B:$B,$E$4&"*",'Change Log'!$C:$C,"Completed") -> 0 | E19: =COUNTIFS('Change Log'!$D:$D,$A19,'Change Log'!$B:$B,$E$4&"*",'Change Log'!$C:$C,"Cancelled") -> 0 | F19: =SUMIFS('Change Log'!$M:$M,'Change Log'!$D:$D,$A19,'Change Log'!$B:$B,$E$4&"*",'Change Log'!$C:$C,"Completed") -> 0 | G19: =F19*Assumptions!$B$7 -> 0 | H19: =F19-G19 -> 0
A20: All stations | B20: =SUM(B16:B19) -> 1 | C20: =SUM(C16:C19) -> 0 | D20: =SUM(D16:D19) -> 0 | E20: =SUM(E16:E19) -> 1 | F20: =SUM(F16:F19) -> 0 | G20: =SUM(G16:G19) -> 0 | H20: =SUM(H16:H19) -> 0
A22: All time (since the log started)
A23: Station | B23: Reported | C23: Critical reported | D23: Completed | E23: Cancelled | F23: Spent | G23: NCEMS share | H23: FD13 share
A24: Station 51 | B24: =COUNTIFS('Change Log'!$D:$D,$A24,'Change Log'!$B:$B,"*",'Change Log'!$C:$C,"Reported") -> 1 | C24: =COUNTIFS('Change Log'!$D:$D,$A24,'Change Log'!$B:$B,"*",'Change Log'!$C:$C,"Reported",'Change Log'!$F:$F,"Critical") -> 0 | D24: =COUNTIFS('Change Log'!$D:$D,$A24,'Change Log'!$B:$B,"*",'Change Log'!$C:$C,"Completed") -> 0 | E24: =COUNTIFS('Change Log'!$D:$D,$A24,'Change Log'!$B:$B,"*",'Change Log'!$C:$C,"Cancelled") -> 1 | F24: =SUMIFS('Change Log'!$M:$M,'Change Log'!$D:$D,$A24,'Change Log'!$B:$B,"*",'Change Log'!$C:$C,"Completed") -> 0 | G24: =F24*Assumptions!$B$4 -> 0 | H24: =F24-G24 -> 0
A25: Station 51.5 | B25: =COUNTIFS('Change Log'!$D:$D,$A25,'Change Log'!$B:$B,"*",'Change Log'!$C:$C,"Reported") -> 0 | C25: =COUNTIFS('Change Log'!$D:$D,$A25,'Change Log'!$B:$B,"*",'Change Log'!$C:$C,"Reported",'Change Log'!$F:$F,"Critical") -> 0 | D25: =COUNTIFS('Change Log'!$D:$D,$A25,'Change Log'!$B:$B,"*",'Change Log'!$C:$C,"Completed") -> 0 | E25: =COUNTIFS('Change Log'!$D:$D,$A25,'Change Log'!$B:$B,"*",'Change Log'!$C:$C,"Cancelled") -> 0 | F25: =SUMIFS('Change Log'!$M:$M,'Change Log'!$D:$D,$A25,'Change Log'!$B:$B,"*",'Change Log'!$C:$C,"Completed") -> 0 | G25: =F25*Assumptions!$B$5 -> 0 | H25: =F25-G25 -> 0
A26: Station 52 | B26: =COUNTIFS('Change Log'!$D:$D,$A26,'Change Log'!$B:$B,"*",'Change Log'!$C:$C,"Reported") -> 0 | C26: =COUNTIFS('Change Log'!$D:$D,$A26,'Change Log'!$B:$B,"*",'Change Log'!$C:$C,"Reported",'Change Log'!$F:$F,"Critical") -> 0 | D26: =COUNTIFS('Change Log'!$D:$D,$A26,'Change Log'!$B:$B,"*",'Change Log'!$C:$C,"Completed") -> 0 | E26: =COUNTIFS('Change Log'!$D:$D,$A26,'Change Log'!$B:$B,"*",'Change Log'!$C:$C,"Cancelled") -> 0 | F26: =SUMIFS('Change Log'!$M:$M,'Change Log'!$D:$D,$A26,'Change Log'!$B:$B,"*",'Change Log'!$C:$C,"Completed") -> 0 | G26: =F26*Assumptions!$B$6 -> 0 | H26: =F26-G26 -> 0
A27: Station 50 | B27: =COUNTIFS('Change Log'!$D:$D,$A27,'Change Log'!$B:$B,"*",'Change Log'!$C:$C,"Reported") -> 0 | C27: =COUNTIFS('Change Log'!$D:$D,$A27,'Change Log'!$B:$B,"*",'Change Log'!$C:$C,"Reported",'Change Log'!$F:$F,"Critical") -> 0 | D27: =COUNTIFS('Change Log'!$D:$D,$A27,'Change Log'!$B:$B,"*",'Change Log'!$C:$C,"Completed") -> 0 | E27: =COUNTIFS('Change Log'!$D:$D,$A27,'Change Log'!$B:$B,"*",'Change Log'!$C:$C,"Cancelled") -> 0 | F27: =SUMIFS('Change Log'!$M:$M,'Change Log'!$D:$D,$A27,'Change Log'!$B:$B,"*",'Change Log'!$C:$C,"Completed") -> 0 | G27: =F27*Assumptions!$B$7 -> 0 | H27: =F27-G27 -> 0
A28: All stations | B28: =SUM(B24:B27) -> 1 | C28: =SUM(C24:C27) -> 0 | D28: =SUM(D24:D27) -> 0 | E28: =SUM(E24:E27) -> 1 | F28: =SUM(F24:F27) -> 0 | G28: =SUM(G24:G27) -> 0 | H28: =SUM(H24:H27) -> 0
A30: Spent = actual cost entered when a work order is marked Done. The NCEMS / FD13 split uses the cost share on the Assumptions tab.
A31: Open the Facilities and Grounds app

Sheet Change Log
A1: Logged At | B1: Month | C1: Event | D1: Station | E1: Work Order | F1: Priority | G1: Status | H1: Category | I1: Location | J1: Assigned To | K1: Vendor | L1: Est Cost | M1: Actual Cost | N1: Date Done | O1: Changed By | P1: Item ID | Q1: Link
A2: 2026-10-10 13:30 | B2: 2026-10 | C2: Setup | D2: Setup | E2: Log started | O2: Doug Boyce | Q2: Rows below are added automatically when a work order changes
A3: 10/10/2026 13:39 | B3: 2026-10 | C3: Reported | D3: Station 51 | E3: TEST: log check (ignore) | F3: Routine | G3: Open | H3: Other | I3: Test | O3: Doug Boyce | P3: 1 | Q3: https://northcountryemsorg.sharepoint.com/sites/FacilitiesandGrounds/Lists/Facility%20Work%20Orders/DispForm.aspx?ID=1
A4: 10/10/2026 13:42 | B4: 2026-10 | C4: Cancelled | D4: Station 51 | E4: TEST: log check (ignore) | F4: Routine | G4: Cancelled | H4: Other | I4: Test | O4: Doug Boyce | P4: 1 | Q4: https://northcountryemsorg.sharepoint.com/sites/FacilitiesandGrounds/Lists/Facility%20Work%20Orders/DispForm.aspx?ID=1

Sheet Assumptions
A1: Cost split by station
A2: Blue cells are the only thing to edit here. The Summary tab uses them to split spending between NCEMS and FD13.
A3: Station | B3: NCEMS share | C3: FD13 share | D3: Note
A4: Station 51 | B4: 0.5 | C4: =1-B4 -> 0.5 | D4: Main station, fire and EMS
A5: Station 51.5 | B5: 0.75 | C5: =1-B5 -> 0.25 | D5: Admin modular building
A6: Station 52 | B6: 1 | C6: =1-B6 -> 0 | D6: EMS station
A7: Station 50 | B7: 0 | C7: =1-B7 -> 1 | D7: Fire sub station, Sunset Falls
A9: Source: cost split given by Doug Boyce, Oct 2026 (tentative).

Sheet How It Works
A1: How this workbook works
A3: 1. Every time a work order is reported or changed in the Facilities and Grounds app, a new row is added to the Change Log tab automatically.
A4: 2. The Event column says what happened: Reported (new work order), Completed (marked Done), Cancelled, or Updated (anything else, like a note, a new assignee or a cost).
A5: 3. The Dashboard tab charts it. The Summary tab counts those rows by station for this month, this year and all time, and totals what was spent with the NCEMS / FD13 split.
A6: 4. Do not type in the Change Log. Make changes in the app and they show up here.
A7: 5. Spending counts the actual cost on the Completed row. Enter the actual cost when you mark a work order Done.
A8: 6. The only thing to edit by hand is the cost split on the Assumptions tab.
A10: Questions about the tracker: Doug Boyce. Questions about the work: Dennis Madler.
